,price,Q1,Q2,total_Q,true_x1Q,true_x2Q,true_x3Q,prof1,prof2,f1_int,f1_a1,f1_a2,f1_b,f2_int,f2_a1,f2_a2,f2_b,x1*Q,x2*Q,x3*Q,x1*Q,x2*Q,x3*Q,exp_price_1,exp_profit_1,exp_price_2,exp_profit_2,period
0,63.21932388374514,0.8812882589163415,0.8812882589163415,1.7625765178326838,1.0228018899176412,1.107542000674334,1.7625765178326838,11.822963953887589,11.822963953887594,105.0,-14.999999999999861,0.0,-15.00000000000008,105.0,-15.000000000000039,0.0,-14.999999999999982,1.0228018899176412,1.107542000674334,1.762576517832683,1.0228018899176412,1.107542000674334,1.762576517832683,63.219323883745155,11.822963953887605,63.219323883745105,11.822963953887571,1
1,62.94754590488428,0.8631697269922812,0.8631697269922822,1.7263394539845636,1.0771574856898172,0.9631638855220486,1.7263394539845636,11.314406293736354,11.31440629373637,105.0,-14.999999999999938,0.0,-15.000000000000032,105.0,-15.000000000000018,0.0,-14.999999999999986,1.0771574856898172,0.9631638855220486,1.7263394539845625,1.0771574856898172,0.9631638855220486,1.7263394539845645,62.94754590488428,11.31440629373635,62.94754590488424,11.314406293736308,2
2,63.361313580132766,0.8907542386755167,0.8907542386755182,1.7815084773510352,0.9944039506401132,0.9784508586671745,1.7815084773510352,12.007311088039334,12.007311088039346,105.0,-14.999999999999947,0.0,-15.000000000000028,105.0,-15.000000000000089,0.0,-14.999999999999957,0.9944039506401132,0.9784508586671745,1.7815084773510335,0.9944039506401132,0.9784508586671745,1.7815084773510363,63.3613135801328,12.007311088039344,63.361313580132745,12.007311088039332,3
3,63.4078282274171,0.8938552151611404,0.893855215161142,1.7877104303222822,0.9851010211832447,0.965620841333879,1.7877104303222822,12.092310654164221,12.092310654164248,105.00000000000003,-14.999999999999963,0.0,-15.000000000000018,105.00000000000003,-14.999999999999986,0.0,-15.000000000000009,0.9851010211832447,0.965620841333879,1.7877104303222808,0.9851010211832447,0.965620841333879,1.787710430322284,63.407828227417134,12.09231065416425,63.40782822741711,12.092310654164242,4
4,63.303834174120325,0.88692227827469,0.8869222782746894,1.7738445565493794,1.0058998318425991,0.9660693412856318,1.7738445565493794,11.947011240177828,11.947011240177819,105.0,-14.999999999999977,0.0,-15.000000000000009,105.00000000000003,-14.999999999999918,0.0,-15.000000000000052,1.0058998318425991,0.9660693412856318,1.77384455654938,1.0058998318425991,0.9660693412856318,1.7738445565493788,63.303834174120354,11.947011240177861,63.30383417412035,11.947011240177849,5
5,63.47627843037783,0.8984185620251882,0.8984185620251885,1.796837124050377,0.9714109805910999,0.9637326006789007,1.796837124050377,12.328786663734446,12.32878666373445,104.99999999999997,-14.999999999999975,0.0,-15.000000000000018,105.0,-14.999999999999911,0.0,-15.000000000000053,0.9714109805910999,0.9637326006789007,1.7968371240503764,0.9714109805910999,0.9637326006789007,1.796837124050377,63.47627843037784,12.328786663734439,63.476278430377874,12.32878666373447,6
6,63.008574041882795,0.8672382694588485,0.8672382694588471,1.7344765389176953,1.0649518582901183,0.9750617590689886,1.7344765389176953,11.439010706948967,11.439010706948942,105.00000000000003,-14.999999999999952,0.0,-15.000000000000034,105.00000000000003,-14.99999999999999,0.0,-15.00000000000002,1.0649518582901183,0.9750617590689886,1.734476538917697,1.0649518582901183,0.9750617590689886,1.7344765389176942,63.00857404188274,11.439010706948915,63.00857404188277,11.439010706948906,7
7,63.19800658810345,0.8798671058735629,0.8798671058735634,1.7597342117471264,1.0270653490459765,1.152747886503197,1.7597342117471264,11.726926577027658,11.726926577027658,104.99999999999997,-14.999999999999957,0.0,-15.000000000000018,105.0,-15.000000000000023,0.0,-14.999999999999995,1.0270653490459765,1.152747886503197,1.7597342117471257,1.0270653490459765,1.152747886503197,1.7597342117471269,63.19800658810347,11.726926577027669,63.19800658810347,11.726926577027665,8
8,63.73176487365421,0.9154509915769486,0.9154509915769495,1.8309019831538975,0.9203136919358211,1.0669473635736244,1.8309019831538975,12.724467477334564,12.724467477334573,104.99999999999997,-14.999999999999977,0.0,-15.000000000000023,104.99999999999997,-15.00000000000002,0.0,-14.99999999999999,0.9203136919358211,1.0669473635736244,1.8309019831538973,0.9203136919358211,1.0669473635736244,1.830901983153899,63.73176487365423,12.724467477334588,63.73176487365424,12.72446747733459,9
9,63.31100893127994,0.88740059541866,0.8874005954186617,1.7748011908373216,1.0044648804106822,1.1148591383663788,1.7748011908373216,11.98432948428609,11.984329484286109,105.0,-14.999999999999975,0.0,-15.000000000000014,105.00000000000003,-14.999999999999986,0.0,-15.000000000000023,1.0044648804106822,1.1148591383663788,1.77480119083732,1.0044648804106822,1.1148591383663788,1.7748011908373234,63.3110089312799,11.984329484286068,63.311008931279915,11.984329484286082,10
10,63.08559610764412,0.8723730738429397,0.8723730738429399,1.7447461476858799,1.0495474451378461,0.9619365588409821,1.7447461476858799,11.559184371874803,11.55918437187481,105.0,-14.999999999999961,0.0,-15.00000000000002,105.00000000000003,-14.999999999999996,0.0,-15.000000000000005,1.0495474451378461,0.9619365588409821,1.7447461476858794,1.0495474451378461,0.9619365588409821,1.7447461476858799,63.08559610764412,11.5591843718748,63.08559610764413,11.559184371874814,11
11,63.346871862192316,0.8897914574794867,0.8897914574794882,1.7795829149589752,0.997292294228204,1.0802647885326624,1.7795829149589752,12.071835452941738,12.071835452941752,105.00000000000004,-14.999999999999963,0.0,-15.000000000000018,105.00000000000003,-15.000000000000025,0.0,-14.99999999999999,0.997292294228204,1.0802647885326624,1.7795829149589735,0.997292294228204,1.0802647885326624,1.7795829149589764,63.34687186219232,12.071835452941741,63.34687186219232,12.071835452941759,12
12,63.273562208123906,0.8849041472082618,0.8849041472082646,1.7698082944165265,1.01195422504188,0.961783582233946,1.7698082944165265,11.888095330362221,11.88809533036226,104.99999999999996,-14.999999999999918,0.0,-15.000000000000057,105.0,-15.000000000000018,0.0,-14.999999999999996,1.01195422504188,0.961783582233946,1.7698082944165237,1.01195422504188,0.961783582233946,1.7698082944165292,63.27356220812394,11.888095330362264,63.27356220812394,11.888095330362301,13
13,63.331354938499615,0.8887569958999715,0.8887569958999724,1.7775139917999436,1.0003956789667476,1.0302207999675899,1.7775139917999436,11.998771777515183,11.998771777515193,105.0,-14.99999999999994,0.0,-15.000000000000037,105.00000000000003,-15.000000000000005,0.0,-15.0,1.0003956789667476,1.0302207999675899,1.777513991799943,1.0003956789667476,1.0302207999675899,1.7775139917999447,63.331354938499615,11.99877177751517,63.33135493849958,11.998771777515149,14
14,63.953702409468846,0.9302468272979239,0.9302468272979244,1.8604936545958477,0.8759261847728947,1.0754834128433577,1.8604936545958477,13.12057491391739,13.120574913917391,105.0,-14.999999999999904,0.0,-15.000000000000052,105.00000000000003,-14.999999999999986,0.0,-15.000000000000023,0.8759261847728947,1.0754834128433577,1.8604936545958477,0.8759261847728947,1.0754834128433577,1.8604936545958488,63.95370240946888,13.120574913917414,63.953702409468846,13.12057491391739,15
15,63.63963250138871,0.9093088334259093,0.9093088334259107,1.8186176668518201,0.938740166388933,0.8819169431361848,1.8186176668518201,12.586426081663301,12.586426081663332,105.0,-14.999999999999849,0.0,-15.000000000000082,105.00000000000003,-14.999999999999982,0.0,-15.00000000000001,0.938740166388933,0.8819169431361848,1.8186176668518186,0.938740166388933,0.8819169431361848,1.8186176668518215,63.639632501388675,12.586426081663282,63.63963250138869,12.586426081663308,16
16,63.42077262569232,0.8947181750461521,0.8947181750461531,1.789436350092305,0.9825121415282065,1.1080787110308703,1.789436350092305,12.068064130373974,12.068064130373987,105.0,-14.999999999999881,0.0,-15.000000000000043,105.00000000000004,-14.999999999999977,0.0,-15.000000000000014,0.9825121415282065,1.1080787110308703,1.7894363500923043,0.9825121415282065,1.1080787110308703,1.7894363500923063,63.42077262569236,12.068064130374001,63.42077262569232,12.06806413037398,17
17,63.07546912515811,0.8716979416772084,0.8716979416772084,1.7433958833544168,1.0515728416350425,1.1159427531763386,1.7433958833544168,11.526282624171294,11.526282624171298,105.00000000000003,-14.99999999999991,0.0,-15.000000000000034,105.00000000000004,-15.00000000000001,0.0,-14.99999999999999,1.0515728416350425,1.1159427531763386,1.7433958833544168,1.0515728416350425,1.1159427531763386,1.7433958833544168,63.075469125158165,11.526282624171335,63.075469125158136,11.52628262417132,18
18,63.61216148410963,0.9074774322739776,0.9074774322739783,1.8149548645479558,0.9442343698447362,1.128239502695798,1.8149548645479558,12.471571649338829,12.471571649338838,105.0,-14.999999999999932,0.0,-15.000000000000034,105.00000000000004,-14.999999999999991,0.0,-15.000000000000014,0.9442343698447362,1.128239502695798,1.8149548645479552,0.9442343698447362,1.128239502695798,1.8149548645479565,63.612161484109684,12.471571649338888,63.61216148410964,12.471571649338873,19
19,63.54208918834826,0.9028059458898854,0.9028059458898854,1.8056118917797708,0.9582488289970105,1.0274205254515878,1.8056118917797708,12.336513814157673,12.336513814157678,104.99999999999997,-14.999999999999954,0.0,-15.000000000000023,105.00000000000003,-14.999999999999963,0.0,-15.000000000000032,0.9582488289970105,1.0274205254515878,1.8056118917797708,0.9582488289970105,1.0274205254515878,1.8056118917797708,63.542089188348314,12.336513814157708,63.54208918834828,12.336513814157694,20
20,63.305222448196936,0.8870148298797925,0.8870148298797925,1.7740296597595855,1.0056221770272857,0.9847294165263042,1.7740296597595855,11.977193234624167,11.97719323462417,105.0,-14.999999999999952,0.0,-15.000000000000023,105.00000000000003,-14.999999999999982,0.0,-15.000000000000004,1.0056221770272857,0.9847294165263042,1.774029659759585,1.0056221770272857,0.9847294165263042,1.774029659759585,63.305222448196915,11.977193234624146,63.30522244819692,11.977193234624158,21
21,62.919800154598434,0.8613200103065646,0.8613200103065651,1.7226400206131292,1.0827066357469746,1.0094243900199216,1.7226400206131292,11.288108345001096,11.288108345001103,104.99999999999996,-14.999999999999954,0.0,-15.000000000000028,105.0,-15.000000000000005,0.0,-15.0,1.0827066357469746,1.0094243900199216,1.7226400206131292,1.0827066357469746,1.0094243900199216,1.7226400206131303,62.91980015459849,11.288108345001133,62.91980015459849,11.288108345001138,22
22,62.803903076361735,0.8535935384241127,0.8535935384241133,1.7071870768482262,1.1058860513943258,0.8648476629514693,1.7071870768482262,11.099997707474596,11.099997707474605,105.0,-14.999999999999975,0.0,-14.999999999999996,105.00000000000003,-14.99999999999999,0.0,-15.000000000000004,1.1058860513943258,0.8648476629514693,1.7071870768482253,1.1058860513943258,0.8648476629514693,1.7071870768482267,62.8039030763617,11.099997707474586,62.8039030763617,11.099997707474586,23
23,63.26417317837765,0.8842782118918466,0.8842782118918466,1.7685564237836933,1.0138320309911293,1.0305165956194045,1.7685564237836933,11.786716762333537,11.786716762333539,105.0,-14.999999999999975,0.0,-15.000000000000009,105.0,-15.000000000000014,0.0,-14.999999999999996,1.0138320309911293,1.0305165956194045,1.7685564237836933,1.0138320309911293,1.0305165956194045,1.7685564237836933,63.2641731783777,11.786716762333565,63.2641731783777,11.786716762333565,24
24,63.64320833620894,0.9095472224139304,0.9095472224139313,1.8190944448278619,0.938024999424875,1.1372458462378847,1.8190944448278619,12.58723355641358,12.587233556413592,105.0,-14.999999999999948,0.0,-15.000000000000018,105.00000000000004,-15.000000000000023,0.0,-14.999999999999986,0.938024999424875,1.1372458462378847,1.8190944448278608,0.938024999424875,1.1372458462378847,1.8190944448278625,63.64320833620894,12.587233556413587,63.64320833620896,12.587233556413599,25
25,63.4809479328096,0.8987298621873071,0.8987298621873089,1.797459724374616,0.9704770801047438,1.0617622091885952,1.797459724374616,12.251257471500711,12.251257471500733,105.0,-14.999999999999961,0.0,-15.000000000000025,105.00000000000003,-15.00000000000001,0.0,-15.000000000000005,0.9704770801047438,1.0617622091885952,1.7974597243746142,0.9704770801047438,1.0617622091885952,1.7974597243746178,63.480947932809634,12.251257471500734,63.480947932809634,12.251257471500752,26
26,63.069418224839964,0.8712945483226624,0.8712945483226628,1.7425890966453248,1.052783021698677,0.9983659113365256,1.7425890966453248,11.493320343095643,11.493320343095647,104.99999999999997,-14.999999999999972,0.0,-15.000000000000018,104.99999999999997,-15.000000000000037,0.0,-14.999999999999977,1.052783021698677,0.9983659113365256,1.7425890966453248,1.052783021698677,0.9983659113365256,1.7425890966453257,63.06941822483996,11.493320343095634,63.06941822483994,11.493320343095627,27
27,63.978695747396635,0.9319130498264409,0.9319130498264429,1.8638260996528835,0.8709275171873407,1.0576173508058182,1.8638260996528835,13.11354960572227,13.113549605722298,105.00000000000003,-14.999999999999968,0.0,-15.000000000000009,105.00000000000007,-15.00000000000002,0.0,-14.999999999999995,0.8709275171873407,1.0576173508058182,1.8638260996528817,0.8709275171873407,1.0576173508058182,1.8638260996528857,63.97869574739663,13.11354960572227,63.978695747396614,13.113549605722293,28
28,63.554765049787264,0.9036510033191532,0.9036510033191536,1.8073020066383063,0.9557136567092102,1.0845959868246067,1.8073020066383063,12.402457532035152,12.402457532035159,105.0,-14.999999999999982,0.0,-15.00000000000001,105.00000000000003,-15.00000000000001,0.0,-15.000000000000004,0.9557136567092102,1.0845959868246067,1.8073020066383063,0.9557136567092102,1.0845959868246067,1.8073020066383072,63.55476504978729,12.402457532035198,63.55476504978731,12.4024575320352,29
29,63.6256612959162,0.9083774197277468,0.9083774197277471,1.8167548394554935,0.9415344074834261,0.9150291251658299,1.8167548394554935,12.505838570432822,12.505838570432834,104.99999999999996,-14.99999999999998,0.0,-15.000000000000004,105.00000000000003,-15.00000000000001,0.0,-14.999999999999996,0.9415344074834261,0.9150291251658299,1.8167548394554935,0.9415344074834261,0.9150291251658299,1.8167548394554942,63.6256612959162,12.505838570432822,63.6256612959162,12.505838570432829,30
30,62.975901740013114,0.8650601160008735,0.8650601160008733,1.730120232001747,1.0714863186640455,0.9972828692180767,1.730120232001747,11.355481474449489,11.35548147444949,105.0,-14.999999999999986,0.0,-15.000000000000005,105.0,-14.999999999999972,0.0,-15.000000000000023,1.0714863186640455,0.9972828692180767,1.730120232001747,1.0714863186640455,0.9972828692180767,1.7301202320017466,62.975901740013114,11.355481474449483,62.9759017400131,11.355481474449482,31
31,62.93240713411036,0.8621604756073553,0.8621604756073552,1.7243209512147104,1.0801852398445997,1.0653486669336703,1.7243209512147104,11.255851163127556,11.255851163127558,104.99999999999997,-14.999999999999986,0.0,-15.000000000000004,105.00000000000003,-14.999999999999975,0.0,-15.000000000000023,1.0801852398445997,1.0653486669336703,1.7243209512147106,1.0801852398445997,1.0653486669336703,1.7243209512147104,62.93240713411033,11.255851163127542,62.93240713411035,11.255851163127556,32
32,63.30743083612523,0.887162055741682,0.887162055741682,1.774324111483364,1.0051804994416202,1.0190473816530523,1.774324111483364,11.910940661210741,11.910940661210741,105.00000000000003,-14.99999999999999,0.0,-14.999999999999995,105.00000000000004,-14.999999999999952,0.0,-15.000000000000034,1.0051804994416202,1.0190473816530523,1.774324111483364,1.0051804994416202,1.0190473816530523,1.774324111483364,63.30743083612523,11.910940661210738,63.30743083612524,11.910940661210754,33
33,63.63225280370896,0.9088168535805987,0.9088168535805984,1.8176337071611974,0.9402161059248726,0.9659049060162106,1.8176337071611974,12.52619650367117,12.526196503671166,104.99999999999996,-14.999999999999986,0.0,-15.000000000000004,105.0,-14.999999999999982,0.0,-15.000000000000009,0.9402161059248726,0.9659049060162106,1.8176337071611974,0.9402161059248726,0.9659049060162106,1.8176337071611968,63.63225280370898,12.52619650367119,63.63225280370902,12.526196503671214,34
34,62.878944871003355,0.8585963247335556,0.858596324733556,1.7171926494671115,1.0908776924659986,1.0430417540694747,1.7171926494671115,11.144947622182354,11.14494762218236,104.99999999999997,-14.999999999999986,0.0,-14.999999999999996,105.0,-14.999999999999996,0.0,-15.000000000000004,1.0908776924659986,1.0430417540694747,1.7171926494671113,1.0908776924659986,1.0430417540694747,1.717192649467112,62.87894487100334,11.144947622182348,62.878944871003355,11.144947622182361,35
35,63.12572770872748,0.8750485139151649,0.8750485139151645,1.7500970278303292,1.041521124921172,1.0654063287851354,1.7500970278303292,11.61524835409636,11.615248354096352,104.99999999999997,-14.999999999999986,0.0,-14.999999999999996,105.00000000000003,-15.0,0.0,-15.000000000000005,1.041521124921172,1.0654063287851354,1.7500970278303298,1.041521124921172,1.0654063287851354,1.750097027830329,63.12572770872747,11.615248354096346,63.12572770872747,11.615248354096341,36
36,63.54505726975749,0.9030038179838318,0.9030038179838318,1.8060076359676636,0.9576552127151714,1.0186940658256074,1.8060076359676636,12.437537245598921,12.437537245598918,104.99999999999997,-14.99999999999999,0.0,-14.999999999999996,105.0,-15.0,0.0,-15.0,0.9576552127151714,1.0186940658256074,1.8060076359676636,0.9576552127151714,1.0186940658256074,1.8060076359676636,63.54505726975748,12.437537245598923,63.54505726975749,12.437537245598925,37
37,63.87172547739673,0.9247816984931154,0.9247816984931152,1.8495633969862308,0.8923215711873207,1.0115557975209781,1.8495633969862308,13.029965807461267,13.02996580746127,105.0,-14.999999999999986,0.0,-15.000000000000004,105.0,-15.000000000000004,0.0,-15.000000000000004,0.8923215711873207,1.0115557975209781,1.8495633969862308,0.8923215711873207,1.0115557975209781,1.8495633969862304,63.87172547739673,13.02996580746127,63.871725477396716,13.029965807461272,38
38,63.46876167791106,0.8979174451940709,0.8979174451940709,1.7958348903881416,0.9729143310844537,1.0312914229334056,1.7958348903881416,12.223198200203473,12.223198200203466,104.99999999999997,-14.999999999999986,0.0,-15.000000000000005,105.00000000000003,-15.000000000000005,0.0,-14.999999999999996,0.9729143310844537,1.0312914229334056,1.7958348903881418,0.9729143310844537,1.0312914229334056,1.7958348903881418,63.46876167791106,12.223198200203477,63.46876167791105,12.223198200203468,39
39,63.77073371224619,0.9180489141497464,0.9180489141497465,1.8360978282994929,0.9125199242174269,0.9886848028898054,1.8360978282994929,12.834408859214093,12.834408859214097,105.0,-14.999999999999995,0.0,-15.0,105.0,-15.00000000000002,0.0,-14.999999999999991,0.9125199242174269,0.9886848028898054,1.8360978282994929,0.9125199242174269,0.9886848028898054,1.836097828299493,63.77073371224619,12.834408859214093,63.77073371224619,12.834408859214097,40
40,62.955031590351155,0.8636687726900776,0.863668772690078,1.7273375453801556,1.075660348596435,0.9753714181584179,1.7273375453801556,11.351325895091353,11.351325895091353,105.0,-14.999999999999995,0.0,-15.0,105.0,-15.0,0.0,-14.999999999999996,1.075660348596435,0.9753714181584179,1.7273375453801552,1.075660348596435,0.9753714181584179,1.727337545380156,62.95503159035117,11.351325895091367,62.955031590351155,11.351325895091364,41
41,63.404683999200884,0.8936455999467249,0.8936455999467249,1.7872911998934495,0.9857298668264927,0.9771096149870482,1.7872911998934495,12.129416127663939,12.12941612766394,105.0,-14.999999999999991,0.0,-15.0,105.00000000000003,-15.000000000000004,0.0,-15.000000000000004,0.9857298668264927,0.9771096149870482,1.7872911998934498,0.9857298668264927,0.9771096149870482,1.7872911998934498,63.404683999200884,12.129416127663951,63.40468399920087,12.12941612766394,42
42,63.14823720376021,0.8765491469173478,0.8765491469173478,1.753098293834696,1.0370192259146243,1.0718857430428548,1.753098293834696,11.58855711366092,11.58855711366092,105.0,-14.99999999999999,0.0,-14.999999999999996,105.00000000000003,-15.000000000000004,0.0,-15.0,1.0370192259146243,1.0718857430428548,1.7530982938346955,1.0370192259146243,1.0718857430428548,1.7530982938346955,63.14823720376021,11.588557113660931,63.14823720376021,11.58855711366093,43
43,63.641206623480016,0.9094137748986677,0.9094137748986683,1.818827549797336,0.9384253419706627,1.050246010743019,1.818827549797336,12.579775681711777,12.579775681711784,104.99999999999993,-14.99999999999999,0.0,-15.000000000000005,105.0,-15.000000000000009,0.0,-15.000000000000018,0.9384253419706627,1.050246010743019,1.8188275497973354,0.9384253419706627,1.050246010743019,1.8188275497973365,63.641206623480016,12.579775681711782,63.64120662348002,12.579775681711789,44
44,63.8134391788308,0.9208959452553838,0.9208959452553837,1.8417918905107669,0.9039788309005126,0.9882551530668214,1.8417918905107669,12.853094167113005,12.853094167113005,105.0,-14.999999999999991,0.0,-15.0,105.00000000000004,-15.000000000000009,0.0,-14.999999999999996,0.9039788309005126,0.9882551530668214,1.8417918905107675,0.9039788309005126,0.9882551530668214,1.8417918905107673,63.813439178830755,12.853094167112966,63.81343917883076,12.853094167112971,45
45,63.51429148657402,0.900952765771603,0.9009527657716031,1.8019055315432062,0.9638083693518593,0.938424511003436,1.8019055315432062,12.22257808271478,12.222578082714787,105.00000000000003,-14.99999999999999,0.0,-14.999999999999996,105.00000000000003,-15.000000000000009,0.0,-14.99999999999999,0.9638083693518593,0.938424511003436,1.801905531543206,0.9638083693518593,0.938424511003436,1.8019055315432062,63.51429148657404,12.222578082714808,63.51429148657405,12.222578082714815,46
46,63.549124795277564,0.9032749863518396,0.9032749863518397,1.8065499727036793,0.9568417076111505,0.9822360725357784,1.8065499727036793,12.361307618784481,12.361307618784485,105.0,-14.99999999999999,0.0,-14.999999999999996,105.0,-15.00000000000001,0.0,-14.999999999999996,0.9568417076111505,0.9822360725357784,1.8065499727036791,0.9568417076111505,0.9822360725357784,1.8065499727036793,63.5491247952776,12.361307618784513,63.54912479527759,12.361307618784517,47
47,62.92586658596442,0.8617244390642955,0.8617244390642955,1.7234488781285915,1.081493349473781,0.9999119870801687,1.7234488781285915,11.319298438855348,11.31929843885535,105.0,-14.99999999999999,0.0,-15.0,105.00000000000003,-15.0,0.0,-15.0,1.081493349473781,0.9999119870801687,1.723448878128591,1.081493349473781,0.9999119870801687,1.723448878128591,62.92586658596442,11.319298438855357,62.925866585964435,11.319298438855364,48
48,63.26053112799643,0.8840354085330958,0.8840354085330961,1.7680708170661918,1.0145604410673794,0.9364784704724253,1.7680708170661918,11.945477146735511,11.945477146735513,104.99999999999997,-14.999999999999991,0.0,-15.0,105.0,-15.000000000000004,0.0,-15.0,1.0145604410673794,0.9364784704724253,1.7680708170661916,1.0145604410673794,0.9364784704724253,1.7680708170661923,63.260531127996444,11.945477146735522,63.260531127996444,11.945477146735529,49
49,63.1798006620066,0.8786533774671055,0.8786533774671057,1.7573067549342114,1.0307065342653492,1.0790643502704351,1.7573067549342114,11.756656414365919,11.75665641436592,104.99999999999997,-14.99999999999999,0.0,-15.0,105.00000000000003,-15.000000000000005,0.0,-15.000000000000005,1.0307065342653492,1.0790643502704351,1.757306754934211,1.0307065342653492,1.0790643502704351,1.7573067549342114,63.1798006620066,11.756656414365912,63.179800662006585,11.75665641436591,50
50,63.279469553382455,0.8852979702254979,0.8852979702254983,1.7705959404509959,1.0107727559901725,0.9746075764466104,1.7705959404509959,11.931909955661762,11.93190995566176,105.0,-14.99999999999998,0.0,-14.999999999999982,105.00000000000004,-15.00000000000001,0.0,-14.99999999999999,1.0107727559901725,0.9746075764466104,1.7705959404509959,1.0107727559901725,0.9746075764466104,1.7705959404509966,63.279469553382455,11.931909955661762,63.27946955338248,11.931909955661768,51
51,63.060124047003605,0.8706749364669111,0.870674936466911,1.741349872933822,1.054641857265938,1.0544642387970806,1.741349872933822,11.495721022904128,11.495721022904123,104.99999999999997,-14.99999999999999,0.0,-15.000000000000005,105.00000000000003,-15.0,0.0,-15.000000000000018,1.054641857265938,1.0544642387970806,1.7413498729338222,1.054641857265938,1.0544642387970806,1.741349872933822,63.06012404700365,11.495721022904174,63.06012404700365,11.49572102290417,52
52,63.80271029888892,0.920180686592593,0.9201806865925924,1.8403613731851856,0.906124606888886,0.9248747473870689,1.8403613731851856,12.84046021061945,12.840460210619444,105.0,-14.999999999999982,0.0,-14.999999999999995,105.00000000000004,-15.000000000000005,0.0,-15.000000000000009,0.906124606888886,0.9248747473870689,1.840361373185186,0.906124606888886,0.9248747473870689,1.840361373185185,63.8027102988889,12.840460210619423,63.8027102988889,12.840460210619417,53
53,63.327999107565724,0.8885332738377164,0.8885332738377162,1.7770665476754328,1.0010668451535194,1.124668458077071,1.7770665476754328,11.968584091353247,11.96858409135324,105.00000000000003,-14.999999999999982,0.0,-14.99999999999999,105.00000000000007,-15.000000000000004,0.0,-14.999999999999982,1.0010668451535194,1.124668458077071,1.7770665476754328,1.0010668451535194,1.124668458077071,1.7770665476754324,63.32799910756573,11.968584091353268,63.327999107565745,11.968584091353268,54
54,63.0924529085331,0.8728301939022114,0.8728301939022118,1.7456603878044235,1.0481760849600366,1.020677962382794,1.7456603878044235,11.547776992763223,11.54777699276323,104.99999999999997,-14.999999999999986,0.0,-15.0,105.0,-15.00000000000002,0.0,-14.999999999999996,1.0481760849600366,1.020677962382794,1.7456603878044228,1.0481760849600366,1.020677962382794,1.7456603878044237,63.09245290853316,11.547776992763277,63.09245290853316,11.54777699276329,55
55,63.494246873705244,0.8996164582470147,0.8996164582470152,1.7992329164940297,0.967817291925621,0.9912085477014909,1.7992329164940297,12.30907515975202,12.309075159752023,104.99999999999997,-15.0,0.0,-15.00000000000001,105.00000000000003,-15.00000000000001,0.0,-15.000000000000009,0.967817291925621,0.9912085477014909,1.7992329164940295,0.967817291925621,0.9912085477014909,1.7992329164940304,63.49424687370522,12.309075159752009,63.49424687370523,12.309075159752014,56
56,63.806385530228454,0.9204257020152264,0.9204257020152266,1.8408514040304536,0.9053895606209836,0.9514821777206416,1.8408514040304536,12.872319870723013,12.872319870723018,104.99999999999997,-14.999999999999995,0.0,-15.000000000000005,105.00000000000003,-15.0,0.0,-15.000000000000009,0.9053895606209836,0.9514821777206416,1.8408514040304529,0.9053895606209836,0.9514821777206416,1.840851404030453,63.80638553022842,12.872319870722984,63.80638553022841,12.872319870722993,57
57,63.02146771994984,0.8680978479966541,0.868097847996655,1.7361956959933091,1.062373122676701,0.9680696140581924,1.7361956959933091,11.403455796219292,11.403455796219301,104.99999999999997,-14.999999999999991,0.0,-15.000000000000005,105.0,-15.000000000000009,0.0,-15.000000000000005,1.062373122676701,0.9680696140581924,1.7361956959933083,1.062373122676701,0.9680696140581924,1.73619569599331,63.021467719949825,11.403455796219276,63.02146771994982,11.40345579621929,58
58,63.4621979164103,0.8974798610940177,0.8974798610940178,1.794959722188035,0.9742270833846121,0.994848326076035,1.794959722188035,12.215082072367782,12.215082072367789,105.0,-14.999999999999991,0.0,-15.000000000000005,105.00000000000003,-15.000000000000018,0.0,-14.999999999999991,0.9742270833846121,0.994848326076035,1.7949597221880353,0.9742270833846121,0.994848326076035,1.7949597221880356,63.462197916410254,12.215082072367757,63.462197916410275,12.215082072367773,59
59,62.92978854605892,0.8619859030705939,0.8619859030705941,1.7239718061411877,1.0807089574548845,0.9954574585435324,1.7239718061411877,11.262563618774509,11.262563618774509,105.0,-14.999999999999991,0.0,-15.0,105.0,-15.000000000000009,0.0,-14.999999999999996,1.0807089574548845,0.9954574585435324,1.7239718061411877,1.0807089574548845,0.9954574585435324,1.7239718061411882,62.92978854605892,11.262563618774504,62.92978854605891,11.2625636187745,60
60,62.85818703511217,0.8572124690074772,0.8572124690074767,1.7144249380149534,1.0950292596442366,0.9550638773788875,1.7144249380149534,11.093956025428234,11.093956025428232,104.99999999999997,-14.999999999999982,0.0,-14.99999999999999,105.00000000000003,-15.000000000000009,0.0,-14.999999999999995,1.0950292596442366,0.9550638773788875,1.7144249380149543,1.0950292596442366,0.9550638773788875,1.7144249380149534,62.85818703511215,11.09395602542824,62.858187035112145,11.09395602542823,61
61,63.1524586474251,0.8768305764950078,0.8768305764950078,1.7536611529900157,1.0361749371816456,0.9546820387206859,1.7536611529900157,11.699883125682115,11.699883125682115,104.99999999999997,-14.99999999999999,0.0,-15.0,105.0,-15.00000000000001,0.0,-15.0,1.0361749371816456,0.9546820387206859,1.7536611529900157,1.0361749371816456,0.9546820387206859,1.7536611529900157,63.152458647425114,11.699883125682135,63.152458647425114,11.69988312568214,62
62,63.966074917308205,0.9310716611538791,0.9310716611538794,1.8621433223077581,0.8734516832050291,0.9027790753732257,1.8621433223077581,13.151962139585498,13.151962139585502,105.0,-14.999999999999991,0.0,-15.000000000000005,105.00000000000004,-15.000000000000009,0.0,-15.000000000000005,0.8734516832050291,0.9027790753732257,1.8621433223077581,0.8734516832050291,0.9027790753732257,1.8621433223077588,63.9660749173082,13.151962139585489,63.966074917308184,13.151962139585493,63
63,63.345379654447996,0.8896919769631981,0.8896919769631989,1.7793839539263974,0.9975907357770707,0.9709902484996927,1.7793839539263974,12.064407162570838,12.064407162570843,105.00000000000003,-14.99999999999999,0.0,-14.999999999999995,105.00000000000003,-15.000000000000009,0.0,-14.999999999999991,0.9975907357770707,0.9709902484996927,1.7793839539263963,0.9975907357770707,0.9709902484996927,1.7793839539263978,63.345379654447996,12.06440716257083,63.345379654448,12.064407162570847,64
64,63.127145977270665,0.8751430651513801,0.8751430651513802,1.7502861303027601,1.0412374712125287,1.0898343033557607,1.7502861303027601,11.656553394656063,11.656553394656061,104.99999999999997,-14.99999999999999,0.0,-14.999999999999995,105.00000000000003,-15.00000000000001,0.0,-14.999999999999991,1.0412374712125287,1.0898343033557607,1.7502861303027601,1.0412374712125287,1.0898343033557607,1.7502861303027604,63.1271459772707,11.656553394656086,63.127145977270686,11.65655339465609,65
65,63.49586231260647,0.899724154173767,0.8997241541737676,1.7994483083475346,0.9674942041453669,1.0594424540916374,1.7994483083475346,12.279991222989116,12.279991222989125,105.00000000000003,-14.999999999999982,0.0,-14.999999999999982,105.00000000000004,-15.00000000000001,0.0,-14.999999999999986,0.9674942041453669,1.0594424540916374,1.799448308347534,0.9674942041453669,1.0594424540916374,1.7994483083475352,63.495862312606484,12.279991222989139,63.49586231260649,12.279991222989144,66
66,63.4758715960895,0.898391439739305,0.8983914397393049,1.79678287947861,0.9714923474487559,1.093365152458896,1.79678287947861,12.280914763028822,12.280914763028822,104.99999999999997,-14.99999999999999,0.0,-15.000000000000005,105.00000000000003,-15.000000000000005,0.0,-15.000000000000004,0.9714923474487559,1.093365152458896,1.79678287947861,0.9714923474487559,1.093365152458896,1.7967828794786098,63.47587159608956,12.28091476302887,63.47587159608956,12.28091476302887,67
67,63.22422878618257,0.8816152524121715,0.8816152524121719,1.7632305048243435,1.0218209094301502,0.9742799052671526,1.7632305048243435,11.877855872721234,11.877855872721238,105.0,-14.999999999999986,0.0,-15.0,105.0,-15.000000000000009,0.0,-14.999999999999991,1.0218209094301502,0.9742799052671526,1.763230504824343,1.0218209094301502,0.9742799052671526,1.7632305048243437,63.224228786182586,11.877855872721222,63.22422878618257,11.877855872721229,68
68,63.5544505545284,0.90363003696856,0.9036300369685604,1.8072600739371203,0.9557765557609865,0.9820460106173494,1.8072600739371203,12.328619093181674,12.328619093181675,105.0,-14.999999999999995,0.0,-15.000000000000009,105.0,-15.000000000000009,0.0,-15.000000000000004,0.9557765557609865,0.9820460106173494,1.80726007393712,0.9557765557609865,0.9820460106173494,1.8072600739371207,63.55445055452841,12.328619093181675,63.55445055452841,12.328619093181674,69
69,63.435510484237476,0.8957006989491647,0.8957006989491647,1.7914013978983294,0.9795645698191715,1.0038498422598752,1.7914013978983294,12.141872581150098,12.141872581150093,105.0,-14.99999999999999,0.0,-15.0,105.00000000000003,-15.00000000000001,0.0,-15.0,0.9795645698191715,1.0038498422598752,1.7914013978983294,0.9795645698191715,1.0038498422598752,1.7914013978983294,63.435510484237476,12.141872581150094,63.43551048423747,12.141872581150086,70
70,62.82712952778287,0.8551419685188584,0.8551419685188586,1.7102839370377165,1.1012407611100918,1.0143163217303457,1.7102839370377165,11.103523830287559,11.10352383028756,105.0,-14.999999999999991,0.0,-15.000000000000004,105.00000000000003,-15.000000000000009,0.0,-15.000000000000004,1.1012407611100918,1.0143163217303457,1.7102839370377168,1.1012407611100918,1.0143163217303457,1.7102839370377172,62.82712952778287,11.103523830287562,62.82712952778288,11.103523830287568,71
71,63.27519995812768,0.8850133305418464,0.8850133305418464,1.7700266610836923,1.0116266750411276,0.9586949414387151,1.7700266610836923,11.859943556472071,11.859943556472071,105.0,-14.999999999999986,0.0,-14.999999999999991,105.0,-15.000000000000014,0.0,-15.0,1.0116266750411276,0.9586949414387151,1.7700266610836928,1.0116266750411276,0.9586949414387151,1.7700266610836928,63.275199958127686,11.859943556472079,63.27519995812768,11.859943556472079,72
72,63.488470095195055,0.8992313396796726,0.899231339679672,1.7984626793593441,0.9689726476276517,1.033525145443787,1.7984626793593441,12.316857384876354,12.316857384876345,105.0,-14.99999999999999,0.0,-14.999999999999996,105.00000000000003,-15.000000000000005,0.0,-14.999999999999995,0.9689726476276517,1.033525145443787,1.7984626793593452,0.9689726476276517,1.033525145443787,1.798462679359344,63.48847009519507,12.316857384876377,63.488470095195076,12.316857384876368,73
73,63.56280927528646,0.9041872850191002,0.9041872850191,1.8083745700382,0.9541048116093684,1.090261692366799,1.8083745700382,12.392002292926282,12.39200229292628,105.0,-14.999999999999986,0.0,-14.999999999999995,105.00000000000003,-15.00000000000001,0.0,-14.999999999999991,0.9541048116093684,1.090261692366799,1.8083745700382003,0.9541048116093684,1.090261692366799,1.8083745700382,63.56280927528651,12.392002292926303,63.56280927528651,12.392002292926298,74
74,62.82566380776272,0.8550442538508515,0.8550442538508511,1.7100885077017025,1.1015339051141155,0.9318509029690899,1.7100885077017025,11.145247210628042,11.145247210628042,105.0,-14.999999999999986,0.0,-15.0,105.00000000000003,-15.000000000000009,0.0,-14.999999999999995,1.1015339051141155,0.9318509029690899,1.710088507701703,1.1015339051141155,0.9318509029690899,1.7100885077017023,62.82566380776277,11.145247210628067,62.82566380776276,11.145247210628067,75
75,63.194655882081385,0.8796437254720919,0.8796437254720922,1.7592874509441834,1.0277354902503917,0.9350309351387527,1.7592874509441834,11.733508462812127,11.73350846281213,105.0,-14.999999999999982,0.0,-15.0,105.00000000000003,-15.000000000000005,0.0,-14.999999999999991,1.0277354902503917,0.9350309351387527,1.7592874509441838,1.0277354902503917,0.9350309351387527,1.7592874509441845,63.19465588208137,11.733508462812138,63.194655882081385,11.733508462812141,76
76,63.07306118429494,0.871537412286332,0.871537412286332,1.7430748245726637,1.0520544298076733,0.9998039740877379,1.7430748245726637,11.551877871820384,11.55187787182039,105.0,-14.999999999999991,0.0,-15.0,105.00000000000003,-15.0,0.0,-14.999999999999991,1.0520544298076733,0.9998039740877379,1.743074824572664,1.0520544298076733,0.9998039740877379,1.743074824572664,63.07306118429498,11.551877871820414,63.07306118429498,11.55187787182041,77
77,62.99670569846317,0.8664470465642132,0.8664470465642135,1.732894093128427,1.067325526974028,0.9876716421120941,1.732894093128427,11.375211980751894,11.375211980751896,105.0,-14.999999999999995,0.0,-15.000000000000005,105.0,-15.000000000000005,0.0,-14.999999999999995,1.067325526974028,0.9876716421120941,1.7328940931284265,1.067325526974028,0.9876716421120941,1.732894093128427,62.99670569846321,11.375211980751915,62.9967056984632,11.37521198075191,78
78,63.79909721732389,0.9199398144882602,0.9199398144882609,1.8398796289765216,0.9068472232018856,0.8528150577339613,1.8398796289765216,12.804346330246247,12.804346330246265,105.0,-14.99999999999999,0.0,-15.000000000000005,105.0,-15.000000000000004,0.0,-14.999999999999991,0.9068472232018856,0.8528150577339613,1.8398796289765205,0.9068472232018856,0.8528150577339613,1.8398796289765218,63.79909721732391,12.80434633024625,63.79909721732391,12.804346330246265,79
79,63.55631688831564,0.9037544592210429,0.903754459221043,1.8075089184420854,0.955403289003538,1.0652416966336367,1.8075089184420854,12.383168858913628,12.38316885891363,105.0,-14.99999999999999,0.0,-14.999999999999995,105.00000000000003,-15.00000000000001,0.0,-14.99999999999999,0.955403289003538,1.0652416966336367,1.8075089184420858,0.955403289003538,1.0652416966336367,1.807508918442086,63.556316888315656,12.383168858913624,63.55631688831564,12.383168858913628,80
80,62.96669991923672,0.864446661282449,0.864446661282449,1.728893322564898,1.0733266828193215,0.8909619989333069,1.728893322564898,11.322340617796872,11.322340617796876,104.99999999999997,-14.999999999999986,0.0,-14.999999999999995,105.0,-15.000000000000005,0.0,-14.99999999999999,1.0733266828193215,0.8909619989333069,1.728893322564898,1.0733266828193215,0.8909619989333069,1.728893322564898,62.96669991923674,11.322340617796888,62.966699919236724,11.322340617796888,81
81,62.75144920947802,0.8500966139652014,0.8500966139652014,1.7001932279304028,1.1163768247710637,0.9505923788995077,1.7001932279304028,10.996379211327422,10.996379211327424,105.0,-14.999999999999991,0.0,-15.0,105.0,-15.00000000000001,0.0,-14.999999999999996,1.1163768247710637,0.9505923788995077,1.7001932279304028,1.1163768247710637,0.9505923788995077,1.7001932279304028,62.75144920947802,10.996379211327428,62.75144920947802,10.996379211327428,82
82,63.153178009069094,0.8768785339379402,0.8768785339379406,1.7537570678758807,1.036031064852846,0.9755094820209221,1.7537570678758807,11.709193132618053,11.709193132618058,105.0,-14.999999999999995,0.0,-15.000000000000005,105.00000000000003,-15.000000000000005,0.0,-14.999999999999996,1.036031064852846,0.9755094820209221,1.7537570678758805,1.036031064852846,0.9755094820209221,1.7537570678758811,63.15317800906911,11.70919313261806,63.153178009069094,11.709193132618065,83
83,62.6851418228116,0.8456761215207738,0.8456761215207743,1.6913522430415484,1.129638302104345,0.962516005135426,1.6913522430415484,10.833242603391938,10.833242603391943,105.0,-14.999999999999982,0.0,-14.999999999999995,105.00000000000003,-15.000000000000005,0.0,-14.999999999999982,1.129638302104345,0.962516005135426,1.6913522430415475,1.129638302104345,0.962516005135426,1.6913522430415486,62.68514182281162,10.833242603391945,62.68514182281162,10.833242603391952,84
84,63.73451385101943,0.915634256734632,0.9156342567346325,1.8312685134692643,0.919763896462773,0.9888976605029691,1.8312685134692643,12.779625558700365,12.77962555870037,104.99999999999997,-14.999999999999991,0.0,-15.000000000000005,105.00000000000003,-15.00000000000001,0.0,-14.999999999999996,0.919763896462773,0.9888976605029691,1.831268513469264,0.919763896462773,0.9888976605029691,1.831268513469265,63.734513851019486,12.779625558700396,63.73451385101947,12.779625558700406,85
85,63.350279340584066,0.8900186227056037,0.8900186227056043,1.7800372454112083,0.9966107985498546,1.044119186051519,1.7800372454112083,11.982932896482938,11.982932896482943,105.0,-14.999999999999995,0.0,-15.000000000000005,105.0,-15.000000000000005,0.0,-14.999999999999996,0.9966107985498546,1.044119186051519,1.7800372454112074,0.9966107985498546,1.044119186051519,1.7800372454112086,63.35027934058407,11.98293289648294,63.35027934058405,11.982932896482946,86
86,63.211166798022234,0.8807444532014828,0.8807444532014829,1.7614889064029655,1.024433307062219,1.0737296577907147,1.7614889064029655,11.723314806876036,11.723314806876045,104.99999999999997,-14.999999999999996,0.0,-15.000000000000014,105.0,-15.000000000000009,0.0,-15.000000000000014,1.024433307062219,1.0737296577907147,1.7614889064029655,1.024433307062219,1.0737296577907147,1.7614889064029657,63.211166798022234,11.723314806876038,63.21116679802225,11.723314806876044,87
87,63.44051382964999,0.8960342553099961,0.8960342553099961,1.7920685106199918,0.9785639007366755,0.9283605447684288,1.7920685106199918,12.27594029901788,12.275940299017885,105.0,-14.999999999999995,0.0,-15.000000000000009,105.00000000000003,-15.00000000000001,0.0,-15.000000000000005,0.9785639007366755,0.9283605447684288,1.7920685106199923,0.9785639007366755,0.9283605447684288,1.7920685106199923,63.44051382964996,12.275940299017845,63.440513829649944,12.27594029901785,88
88,63.183224476554116,0.8788816317702736,0.8788816317702739,1.7577632635405476,1.0300217713558442,0.9870527482280584,1.7577632635405476,11.77074459291186,11.770744592911866,105.0,-15.0,0.0,-15.000000000000009,105.00000000000003,-15.00000000000001,0.0,-15.000000000000005,1.0300217713558442,0.9870527482280584,1.7577632635405471,1.0300217713558442,0.9870527482280584,1.7577632635405478,63.183224476554095,11.770744592911846,63.18322447655411,11.770744592911859,89
89,63.22963856229391,0.8819759041529259,0.8819759041529261,1.7639518083058523,1.0207389542078875,1.0875904287308473,1.7639518083058523,11.835644767076142,11.835644767076143,105.0,-14.999999999999986,0.0,-14.999999999999991,105.00000000000003,-15.000000000000009,0.0,-14.999999999999991,1.0207389542078875,1.0875904287308473,1.7639518083058519,1.0207389542078875,1.0875904287308473,1.7639518083058523,63.22963856229389,11.835644767076131,63.229638562293886,11.835644767076136,90
90,63.0169373948868,0.8677958263257889,0.867795826325789,1.7355916526515778,1.0632791876893013,1.0179188541426047,1.7355916526515778,11.519202944716218,11.519202944716225,104.99999999999997,-14.99999999999999,0.0,-14.999999999999991,105.00000000000004,-15.000000000000009,0.0,-14.999999999999995,1.0632791876893013,1.0179188541426047,1.7355916526515778,1.0632791876893013,1.0179188541426047,1.735591652651578,63.01693739488682,11.519202944716227,63.01693739488682,11.519202944716234,91
91,63.20529182762964,0.8803527885086432,0.8803527885086435,1.7607055770172866,1.0256083011407384,0.9059376763113365,1.7607055770172866,11.793414845435798,11.793414845435798,105.0,-14.999999999999995,0.0,-14.999999999999995,105.00000000000003,-15.00000000000001,0.0,-14.999999999999995,1.0256083011407384,0.9059376763113365,1.7607055770172864,1.0256083011407384,0.9059376763113365,1.760705577017287,63.20529182762964,11.79341484543581,63.20529182762964,11.79341484543582,92
92,63.55113280518318,0.9034088536788806,0.9034088536788809,1.8068177073577616,0.9564401056300268,1.020178347413538,1.8068177073577616,12.291151869235254,12.291151869235254,105.0,-14.999999999999991,0.0,-15.000000000000005,105.0,-15.000000000000004,0.0,-14.999999999999996,0.9564401056300268,1.020178347413538,1.8068177073577611,0.9564401056300268,1.020178347413538,1.8068177073577618,63.551132805183194,12.291151869235279,63.5511328051832,12.291151869235279,93
93,63.189680545554566,0.8793120363703041,0.8793120363703041,1.7586240727406086,1.0287305575557544,1.047360518235204,1.7586240727406086,11.686227294864207,11.686227294864207,105.0,-14.999999999999991,0.0,-15.0,105.00000000000003,-15.00000000000001,0.0,-15.0,1.0287305575557544,1.047360518235204,1.7586240727406082,1.0287305575557544,1.047360518235204,1.7586240727406082,63.18968054555457,11.686227294864212,63.18968054555454,11.686227294864201,94
94,62.7853945452275,0.8523596363485,0.8523596363485,1.704719272697,1.109587757621167,0.9893977090598478,1.704719272697,11.084457417250395,11.084457417250395,105.0,-14.999999999999986,0.0,-14.999999999999995,105.00000000000003,-15.00000000000001,0.0,-14.999999999999991,1.109587757621167,0.9893977090598478,1.704719272697,1.109587757621167,0.9893977090598478,1.704719272697,62.785394545227504,11.084457417250402,62.7853945452275,11.0844574172504,95
95,64.16498882392743,0.944332588261829,0.944332588261829,1.8886651765236582,0.833668901881181,1.0393128039124178,1.8886651765236582,13.641650748144098,13.641650748144098,104.99999999999997,-14.999999999999986,0.0,-14.999999999999991,105.00000000000003,-15.00000000000001,0.0,-14.999999999999991,0.833668901881181,1.0393128039124178,1.888665176523658,0.833668901881181,1.0393128039124178,1.888665176523658,64.16498882392743,13.641650748144107,64.16498882392742,13.641650748144102,96
96,63.61556140848573,0.9077040938990519,0.9077040938990522,1.8154081877981043,0.9435543849695127,0.8994293248928841,1.8154081877981043,12.514956136981919,12.514956136981914,105.0,-14.999999999999986,0.0,-14.999999999999995,105.0,-15.000000000000005,0.0,-14.99999999999999,0.9435543849695127,0.8994293248928841,1.8154081877981039,0.9435543849695127,0.8994293248928841,1.8154081877981043,63.61556140848578,12.514956136981944,63.61556140848577,12.514956136981944,97
97,63.74282466684123,0.9161883111227512,0.9161883111227519,1.8323766222455036,0.9181017332984135,0.8993047132834905,1.8323766222455036,12.657656708066868,12.657656708066876,105.0,-14.999999999999991,0.0,-15.000000000000004,105.00000000000003,-15.000000000000009,0.0,-14.999999999999996,0.9181017332984135,0.8993047132834905,1.8323766222455025,0.9181017332984135,0.8993047132834905,1.8323766222455038,63.74282466684126,12.657656708066892,63.74282466684126,12.657656708066895,98
98,63.098649194851895,0.873243279656793,0.8732432796567936,1.746486559313587,1.0469368276962872,0.9328101999547147,1.746486559313587,11.545332341908605,11.545332341908614,105.0,-14.999999999999995,0.0,-14.999999999999996,105.00000000000003,-15.000000000000009,0.0,-14.999999999999995,1.0469368276962872,0.9328101999547147,1.746486559313586,1.0469368276962872,0.9328101999547147,1.7464865593135872,63.098649194851916,11.545332341908614,63.09864919485191,11.545332341908624,99
99,63.786197017859195,0.9190798011906143,0.9190798011906154,1.8381596023812299,0.9094272630948239,1.0180268656749671,1.8381596023812299,12.889712707424778,12.889712707424788,105.0,-14.999999999999986,0.0,-14.99999999999999,105.00000000000003,-15.0,0.0,-14.999999999999975,0.9094272630948239,1.0180268656749671,1.8381596023812286,0.9094272630948239,1.0180268656749671,1.8381596023812308,63.786197017859216,12.889712707424792,63.786197017859216,12.889712707424817,100
